Tijdstempel,Vraag 1 Test,Vraag 2 Test
2024/06/19 9:16:38 p.m. EEST,Ben B.,Ben B.
2024/06/19 9:16:44 p.m. EEST,Loic P,Ben B.
2024/06/19 09:17:34 PM EEST,Sarah K.,Ben B.
2024/06/19 09:18:57 PM EEST,Sarah K.,Ben B.
2024/06/19 09:17:17 PM EEST,Loic P.,Ben B.
2024/06/19 09:18:48 PM EEST,John D.,Ben B.
2024/06/19 09:19:29 PM EEST,John D.,Ben B.
2024/06/19 09:19:20 PM EEST,Tom H.,Ben B.
2024/06/19 09:19:02 PM EEST,Ben B.,Ben B.
2024/06/19 09:16:54 PM EEST,Ben B.,Ben B.
2024/06/19 09:18:42 PM EEST,Ben B.,Sarah K.
2024/06/19 09:16:55 PM EEST,Loic P.,Ben B.
2024/06/19 09:16:58 PM EEST,Ben B.,Ben B.
2024/06/19 09:18:59 PM EEST,Alice M.,Ben B.
2024/06/19 09:19:22 PM EEST,Alice M.,Ben B.
2024/06/19 09:17:52 PM EEST,John D.,Ben B.
2024/06/19 09:19:23 PM EEST,Tom H.,Ben B.
2024/06/19 09:17:24 PM EEST,Ben B.,Ben B.
2024/06/19 09:19:29 PM EEST,Ben B.,Ben B.
2024/06/19 09:19:11 PM EEST,Ben B.,Ben B.
